Country Name,Series Name,1970,1971,1972,1973,1974,1975,1976,1977,1978,1979,1980,1981,1982,1983,1984,1985,1986,1987,1988,1989,1990,1991,1992,1993,1994,1995,1996,1997,1998,1999,2000,2001,2002,2003,2004,2005,2006,2007,2008,2009,2010,2011,2012,2013,2014,2015,2016
Burundi,"Foreign direct investment, net inflows (BoP, current US$)",..,..,..,..,..,..,..,..,..,..,..,..,..,..,..,538566.543,1524028.632,1367714.123,1196623.811,567226.8908,1255434.743,892500.1067,600088.333,473679.8748,3957.848909,1981922.465,100,100,2000000,238660.3083,11683518.19,-11440.9127,..,..,44690.7076,584701.6926,31593.77819,500245.0931,3833208.348,348404.5346,780582.0036,3354999.181,604919.6515,116727136.5,81747197.23,49622865.77,55420.35666
Burundi,Arable land (% of land area),36.60436137,36.17601246,34.89096573,36.21495327,36.21495327,36.21495327,36.40965732,36.68224299,36.40965732,36.21495327,36.21495327,36.21495327,36.21495327,36.21495327,36.21495327,36.21495327,36.21495327,36.21495327,36.21495327,36.21495327,36.21495327,36.21495327,36.21495327,36.21495327,36.21495327,36.60436137,36.60436137,36.99376947,36.99376947,37.38317757,37.38317757,37.96728972,38.39563863,38.55140187,38.35669782,37.22741433,35.04672897,33.09968847,35.04672897,36.99376947,36.99376947,38.94080997,42.83489097,46.72897196,46.72897196,46.72897196,..
Burundi,Arable land (hectares per person),0.272021752,0.265020364,0.252818318,0.259886153,0.257006537,0.253302879,0.250022796,0.246519805,0.238900211,0.231728922,0.225902682,0.220212422,0.214612776,0.209048519,0.203443578,0.197785399,0.19208665,0.186457343,0.181076318,0.176135563,0.171731991,0.167808002,0.164277895,0.161139467,0.158389347,0.157663679,0.155600492,0.15542947,0.153563845,0.152892049,0.149983455,0.14872261,0.146256754,0.142382268,0.137139815,0.128783885,0.11725868,0.107058654,0.10959219,0.111909121,0.108361764,0.110576559,0.118029424,0.124997578,0.121312725,0.117655479,..
Burundi,"Central government debt, total (% of GDP)",..,..,..,..,..,..,..,..,..,..,..,..,..,..,..,..,..,..,..,..,..,..,..,..,..,..,..,..,..,..,..,..,..,..,..,..,..,..,..,..,..,..,..,..,..,..,..
Burundi,Children out of school (% of primary school age),..,..,..,81.22512817,..,..,..,..,82.58303833,..,80.83760071,78.84031677,75.38926697,69.0087204,64.12425995,59.77394104,57.31422043,52.31246185,49.84051132,..,..,..,..,49.80522919,..,..,..,..,..,..,57.69831848,48.76573181,49.41875839,45.88920975,44.27241135,41.08853912,24.30060959,17.24319077,6.648169994,8.35352993,2.986479998,..,..,..,..,..,..
Burundi,Female genital mutilation prevalence (%),..,..,..,..,..,..,..,..,..,..,..,..,..,..,..,..,..,..,..,..,..,..,..,..,..,..,..,..,..,..,..,..,..,..,..,..,..,..,..,..,..,..,..,..,..,..,..
Burundi,Fertilizer consumption (kilograms per hectare of arable land),..,..,..,..,..,..,..,..,..,..,..,..,..,..,..,..,..,..,..,..,..,..,..,..,..,..,..,..,..,..,..,..,1.343813387,0.304040404,1.111675127,3.546025105,3.343333333,2.018823529,2.171111111,1.861052632,3.627368421,5.635,5.7956,7.104041667,10.81514167,8.33625,..
Burundi,Firms expected to give gifts in meetings with tax officials (% of firms),..,..,..,..,..,..,..,..,..,..,..,..,..,..,..,..,..,..,..,..,..,..,..,..,..,..,..,..,..,..,..,..,..,..,..,..,22.6,..,..,..,..,..,..,..,20,..,..
Burundi,GDP (constant LCU),6.80685E+11,6.99382E+11,6.54594E+11,6.99689E+11,6.94603E+11,6.99451E+11,7.55006E+11,8.41601E+11,8.33685E+11,8.47566E+11,8.55966E+11,9.60079E+11,9.49964E+11,9.85258E+11,9.86791E+11,1.10307E+12,1.13892E+12,1.20159E+12,1.26205E+12,1.27908E+12,1.32384E+12,1.38999E+12,1.40403E+12,1.31642E+12,1.266E+12,1.16573E+12,1.07248E+12,1.05542E+12,1.10556E+12,1.09439E+12,1.08501E+12,1.10732E+12,1.15655E+12,1.1424E+12,1.19762E+12,1.2084E+12,1.27347E+12,1.33441E+12,1.40178E+12,1.4504E+12,1.50531E+12,1.5684E+12,1.63144E+12,1.70639E+12,1.78593E+12,1.7159E+12,1.70611E+12
Burundi,GDP per capita (constant LCU),196979.8259,199516.0911,184702.3298,195526.3344,191954.4285,190508.6032,201891.7315,220245.6394,213013.499,211188.7451,207919.3107,227334.8084,219219.7587,221469.6191,215866.894,234591.7562,235237.4808,240909.5593,245727.5203,242248.3435,244458.1791,250808.4979,248012.2177,228093.7935,215614.0858,195525.418,177529.4303,172677.6942,178708.777,174295.2299,169514.4039,168905.8109,171555.7174,164300.7416,166742.7188,162784.9865,165916.8886,168071.2865,170693.1322,170855.3846,171702.8949,173428.7299,175053.0864,177745.871,180546.3949,168237.3616,162114.3323
Burundi,GINI index (World Bank estimate),..,..,..,..,..,..,..,..,..,..,..,..,..,..,..,..,..,..,..,..,..,..,33.3,..,..,..,..,..,42.3,..,..,..,..,..,..,..,33.4,..,..,..,..,..,..,38.6,..,..,..
Burundi,GNI per capita (constant LCU),..,..,..,..,..,..,..,..,..,..,..,..,..,..,..,..,..,..,..,..,..,..,..,..,..,..,..,170533.2361,177153.8369,171967.9454,172172.2066,166647.5077,168844.8108,160737.1549,161932.9475,160206.0804,164870.2045,167342.7853,170255.9977,169197.9608,170573.3162,172081.9458,174379.0395,177646.3708,180552.8274,167814.8858,160961.8965
Burundi,"Literacy rate, adult male (% of males ages 15 and above)",..,..,..,..,..,..,..,..,..,34.26271057,..,..,..,..,..,..,..,..,..,..,48.23625183,..,..,..,..,..,..,..,..,..,67.30693054,..,..,..,..,..,..,..,53.12839127,..,..,..,..,..,69.69251251,..,..
Burundi,"Literacy rate, adult female (% of females ages 15 and above)",..,..,..,..,..,..,..,..,..,11.9835701,..,..,..,..,..,..,..,..,..,..,27.52930069,..,..,..,..,..,..,..,..,..,52.23775864,..,..,..,..,..,..,..,43.15718842,..,..,..,..,..,54.66302872,..,..
Burundi,Net ODA received per capita (current US$),5.113430177,6.184759418,7.268526631,7.505959217,10.32171415,12.92934157,11.71229783,12.46730734,18.88461452,23.50678119,28.16496337,28.56841799,28.93810983,30.93243732,30.11621222,29.17015627,39.51408274,39.42069107,39.03849644,39.06042851,48.4819723,46.26448562,54.63211555,37.59054565,52.98549443,48.12935399,18.29464509,9.227602245,11.113173,11.96061756,14.57807936,21.24063944,25.49999859,32.73353964,49.9578765,49.24771217,56.286772,63.5487576,63.37229295,67.82281747,71.58834392,63.27633038,56.24316636,58.21033051,52.10381539,35.93786614,70.51707996
Burundi,GNI (constant LCU),..,..,..,..,..,..,..,..,..,..,..,..,..,..,..,..,..,..,..,..,..,..,..,..,..,..,..,1.04232E+12,1.09594E+12,1.07978E+12,1.10202E+12,1.09251E+12,1.13828E+12,1.11762E+12,1.16308E+12,1.18926E+12,1.26543E+12,1.32863E+12,1.39819E+12,1.43633E+12,1.4954E+12,1.55622E+12,1.62516E+12,1.70544E+12,1.78599E+12,1.71159E+12,1.69398E+12
Tanzania,"Foreign direct investment, net inflows (BoP, current US$)",3070000,5150000,7690000,6030000,-2060000,-870000,6560000,2940000,6120000,8020000,4580000,18920000,17310000,1520000,-8420000,14510000,-7490000,-470000,3760000,5840000,10000,10000,12169639.33,20457763.54,50000895.26,119936653.8,150066382,157885063.9,172306244.9,516700641.7,463400858.8,549270351.5,395567134,318401298.7,442539548.4,935520591.7,403038991.4,581511807,1383260000,952630000,1813200000,1229361018,1799646137,2087261310,1672550443,1604581620,1365387800
Tanzania,Arable land (% of land area),7.902461052,7.902461052,7.902461052,7.902461052,7.902461052,7.902461052,7.902461052,7.902461052,9.03138406,9.03138406,9.03138406,9.03138406,9.03138406,9.03138406,9.03138406,10.16030707,10.16030707,10.16030707,10.16030707,10.16030707,10.16030707,10.16369384,9.934522466,10.04741477,10.04741477,10.04741477,10.16030707,10.05644615,9.84985324,9.821630165,9.708737864,9.629713254,9.708737864,9.641002484,10.72476857,10.95055317,10.95055317,11.28923007,12.78584331,12.98261459,13.09550689,13.88575299,15.3533529,15.2404606,15.2404606,15.2404606,..
Tanzania,Arable land (hectares per person),0.514496717,0.498368768,0.482538417,0.467129717,0.452275443,0.438039309,0.424414634,0.411337157,0.4556978,0.441747722,0.428193158,0.415000009,0.402180866,0.389774918,0.377828941,0.412144544,0.399800224,0.387955566,0.376412267,0.364954994,0.353501178,0.342124095,0.323296222,0.316170958,0.306151074,0.297055056,0.292095373,0.281584616,0.268861,0.261327653,0.251623542,0.242902167,0.238188825,0.229884612,0.248366117,0.24612702,0.238710777,0.23852848,0.261743987,0.257476727,0.251634589,0.258561421,0.277081695,0.266605604,0.258448049,0.250556993,..
Tanzania,"Central government debt, total (% of GDP)",..,..,..,..,..,..,..,..,..,..,..,..,..,..,..,..,..,..,..,..,..,..,..,..,..,..,..,..,..,..,..,..,..,..,..,..,..,..,..,..,..,..,..,..,..,..,..
Tanzania,Children out of school (% of primary school age),..,..,..,..,..,..,51.79185104,..,..,..,30.13167953,31.40732956,36.28213882,37.5221405,40.70898819,43.5378685,44.83610153,46.28374863,47.92409897,48.01768875,48.67436981,49.37445831,49.29605865,50.07997131,51.28736877,51.39757919,51.29008102,50.90699005,51.4294014,51.02431107,47.49811172,42.94792175,28.29431915,20.07435989,15.91438007,11.73641968,6.561309814,..,5.62842989,..,12.28522968,..,16.41362,19.23755074,20.95516968,..,..
Tanzania,Female genital mutilation prevalence (%),..,..,..,..,..,..,..,..,..,..,..,..,..,..,..,..,..,..,..,..,..,..,..,..,..,..,17.9,..,..,..,..,..,..,..,..,14.6,..,..,..,..,14.6,..,..,..,..,..,10
Tanzania,Fertilizer consumption (kilograms per hectare of arable land),..,..,..,..,..,..,..,..,..,..,..,..,..,..,..,..,..,..,..,..,..,..,..,..,..,..,..,..,..,..,..,..,3.699767442,4.455503513,5.289157895,5.75443299,5.397628866,5.0716,4.67662043,7.524608696,8.786637931,8.606910569,7.699411765,4.674888889,8.845660741,8.845260741,..
Tanzania,Firms expected to give gifts in meetings with tax officials (% of firms),..,..,..,..,..,..,..,..,..,..,..,..,..,..,..,..,..,..,..,..,..,..,..,..,..,..,..,..,..,..,..,..,..,..,..,..,14.7,..,..,..,..,..,..,14.6,..,..,..
Tanzania,GDP (constant LCU),..,..,..,..,..,..,..,..,..,..,..,..,..,..,..,..,..,..,1.11074E+13,1.15256E+13,1.23376E+13,1.25932E+13,1.26668E+13,1.28195E+13,1.30205E+13,1.34853E+13,1.40981E+13,1.45951E+13,1.51364E+13,1.5869E+13,1.6652E+13,1.76508E+13,1.89152E+13,2.02177E+13,2.18004E+13,2.35822E+13,2.46813E+13,2.67704E+13,2.82606E+13,2.97817E+13,3.16755E+13,3.41793E+13,3.59365E+13,3.85465E+13,4.12314E+13,4.41008E+13,4.71749E+13
Tanzania,GDP per capita (constant LCU),..,..,..,..,..,..,..,..,..,..,..,..,..,..,..,..,..,..,477738.4988,480665.2719,498413.1097,492235.132,478688.571,468490.8785,460785.8564,463087.1464,470790.2564,474732.925,479983.6246,490555.155,501440.3624,517338.7628,539252.2709,560228.8657,586729.1153,616026.5358,625342.6216,657457.881,672494.4922,686606.6025,707582.2249,739921.6784,754034.558,784027.1148,813018.4818,843093.4232,874445.9954
Tanzania,GINI index (World Bank estimate),..,..,..,..,..,..,..,..,..,..,..,..,..,..,..,..,..,..,..,..,..,35.3,..,..,..,..,..,..,..,..,37.3,..,..,..,..,..,..,40.3,..,..,..,37.8,..,..,..,..,..
Tanzania,GNI per capita (constant LCU),..,..,..,..,..,..,..,..,..,..,..,..,..,..,..,..,..,..,..,..,479379.7908,475859.2699,461976.9694,453379.3291,447170.3477,453008.0283,466060.3091,467636.0464,474829.5655,485905.4576,495183.9947,501524.6714,534331.3828,550881.7106,576403.8255,603296.52,624577.6909,648831.4311,664821.7054,679408.2957,700056.5762,734198.9025,742823.5636,776665.0283,804173.9609,828894.0116,860292.1147
Tanzania,"Literacy rate, adult male (% of males ages 15 and above)",..,..,..,..,..,..,..,..,..,..,..,..,..,..,..,..,..,..,71.3657074,..,..,..,..,..,..,..,..,..,..,..,..,..,77.50640106,..,..,..,..,..,..,..,75.46779633,..,83.37769318,..,..,83.20484924,..
Tanzania,"Literacy rate, adult female (% of females ages 15 and above)",..,..,..,..,..,..,..,..,..,..,..,..,..,..,..,..,..,..,48.08802032,..,..,..,..,..,..,..,..,..,..,..,..,..,62.17232132,..,..,..,..,..,..,..,60.7526207,..,73.34718323,..,..,73.09382629,..
Tanzania,Net ODA received per capita (current US$),3.746271093,4.424802703,4.216007081,6.683291591,10.48051423,18.35196972,16.14291375,19.90107929,24.03236275,32.36575121,36.16251793,36.19733831,34.13208464,28.64114817,25.85719587,21.85190373,29.34622491,38.57657723,42.15190042,36.77489272,45.68609944,40.77520311,49.01170733,33.55071212,33.1458416,29.07301199,28.14533653,29.83538838,30.86123682,29.79555767,31.13841337,36.30433437,34.90934201,46.45499624,46.38433313,37.8693063,46.45385543,67.35591061,53.87432961,70.01575825,64.21693019,51.33032794,57.49913763,67.80155735,50.7423499,47.9257992,41.70898324
Tanzania,GNI (constant LCU),..,..,..,..,..,..,..,..,..,..,..,..,..,..,..,..,..,..,..,..,1.18664E+13,1.21742E+13,1.22246E+13,1.2406E+13,1.26357E+13,1.31918E+13,1.39565E+13,1.43769E+13,1.49739E+13,1.57186E+13,1.64442E+13,1.71112E+13,1.87426E+13,1.98804E+13,2.14168E+13,2.30949E+13,2.46511E+13,2.64192E+13,2.79382E+13,2.94695E+13,3.13386E+13,3.39149E+13,3.54022E+13,3.81846E+13,4.07828E+13,4.33581E+13,4.64113E+13
Kenya,"Foreign direct investment, net inflows (BoP, current US$)",13800000,7400000,6300000,17260000,23420000,17158747.47,46371850.86,56545225.67,34414129.64,84009903.28,78973745.62,14147557.18,13000894.96,23738842.68,10753527.42,28845949.04,32725776.79,39381344.2,394430.6394,62189917.27,57081096.18,18830976.84,6363133.145,145655517.1,7432412.602,42289248.46,108672931.6,62096809.78,26548245.97,51953455.95,110904550.4,5302622.939,27618447.06,81738242.64,46063931.45,21211685.4,50674725.18,729044146,95585680.23,116257609,178064606.8,1450474757,1380173662,1118825056,820937636.6,619724465,393359411.6
Kenya,Arable land (% of land area),6.149629265,6.149629265,6.149629265,6.149629265,6.149629265,6.676740345,6.676740345,6.676740345,6.676740345,6.676740345,6.676740345,6.676740345,6.676740345,6.676740345,6.544962575,8.036686931,8.070070633,8.179006923,8.577854306,9.264855747,8.767614295,8.955617247,9.298239449,8.890606881,9.579365358,9.554766841,8.207119514,8.458375795,8.219418772,8.95386021,8.593667639,9.010085392,8.945075025,9.041712057,9.238500193,9.249042415,9.329866114,9.312295744,9.312295744,9.663703131,9.663703131,10.19081421,10.3665179,10.19081421,10.19081421,10.19081421,..
Kenya,Arable land (hectares per person),0.311042212,0.300235539,0.289658656,0.279332908,0.269280586,0.28176055,0.271492489,0.261558602,0.25193937,0.242612265,0.233573197,0.224829761,0.216407936,0.208340141,0.196697198,0.232759026,0.225383203,0.220414315,0.223213449,0.232978168,0.213225019,0.210797549,0.211985658,0.196473464,0.20536011,0.198855749,0.165945863,0.166263074,0.157139098,0.166533787,0.155514305,0.158656091,0.153278696,0.150772679,0.149907636,0.146026352,0.143311909,0.139159078,0.135382234,0.136689418,0.133010394,0.136512862,0.135176533,0.129386743,0.126020522,0.122787031,..
Kenya,"Central government debt, total (% of GDP)",..,..,..,..,..,..,..,..,..,..,..,..,..,..,..,..,..,..,..,..,..,..,..,..,..,..,..,..,..,..,..,..,..,..,..,..,..,..,..,..,..,..,..,..,..,..,..
Kenya,Children out of school (% of primary school age),..,..,..,..,..,..,..,..,..,..,..,..,..,..,..,..,..,..,..,..,..,..,..,..,..,..,..,..,..,37.34500122,34.52326965,33.34857941,38.68672943,27.34416008,29.11091995,28.30496979,29.10614967,18.99103928,22.74630928,21.12855911,..,..,16.88095093,..,..,..,..
Kenya,Female genital mutilation prevalence (%),..,..,..,..,..,..,..,..,..,..,..,..,..,..,..,..,..,..,..,..,..,..,..,..,..,..,..,..,37.6,..,..,..,..,32.2,..,..,..,..,..,27.1,..,..,..,..,21,..,..
Kenya,Fertilizer consumption (kilograms per hectare of arable land),..,..,..,..,..,..,..,..,..,..,..,..,..,..,..,..,..,..,..,..,..,..,..,..,..,..,..,..,..,..,..,..,27.31310155,33.09677419,27.68086725,34.32655775,33.15480226,36.39528302,33.28754717,31.85709091,30.34709091,43.58206897,34.39270847,38.7662,42.84539483,28.57901034,..
Kenya,Firms expected to give gifts in meetings with tax officials (% of firms),..,..,..,..,..,..,..,..,..,..,..,..,..,..,..,..,..,..,..,..,..,..,..,..,..,..,..,..,..,..,..,..,..,..,..,..,..,32.3,..,..,..,..,..,17.4,..,..,..
Kenya,GDP (constant LCU),5.24907E+11,6.41299E+11,7.50848E+11,7.95123E+11,8.27449E+11,8.34749E+11,8.52729E+11,9.33345E+11,9.97862E+11,1.07385E+12,1.1339E+12,1.17669E+12,1.19442E+12,1.21005E+12,1.23129E+12,1.28424E+12,1.37642E+12,1.45814E+12,1.54859E+12,1.62123E+12,1.68919E+12,1.71348E+12,1.69978E+12,1.70579E+12,1.7507E+12,1.82784E+12,1.90364E+12,1.91268E+12,1.97561E+12,2.02115E+12,2.03327E+12,2.11013E+12,2.12167E+12,2.18389E+12,2.29536E+12,2.43094E+12,2.58828E+12,2.7656E+12,2.77202E+12,2.86369E+12,3.1043E+12,3.29403E+12,3.44434E+12,3.64686E+12,3.84203E+12,4.06154E+12,4.29909E+12
Kenya,GDP per capita (constant LCU),46648.04289,55011.64144,62139.92743,63458.2759,63661.73557,61894.58028,60923.58912,64243.25015,66158.09552,68560.41395,69697.08283,69619.68356,68021.34092,66342.70942,65017.8236,65351.7996,67542.34387,69042.93543,70804.23849,71630.9605,72179.77491,70864.86982,68089.57151,66233.62995,65943.42859,66840.02285,67630.14163,66058.85566,66362.77552,66049.86747,64649.97447,65285.6431,63878.7139,63985.67427,65441.54415,67435.56745,69855.21719,72614.65126,70807.94789,71170.15387,75073.55717,77530.50303,78914.20435,81354.32406,83478.42713,85983.56614,88711.28744
Kenya,GINI index (World Bank estimate),..,..,..,..,..,..,..,..,..,..,..,..,..,..,..,..,..,..,..,..,..,..,57.5,..,43.9,..,..,46.3,..,..,..,..,..,..,..,48.5,..,..,..,..,..,..,..,..,..,..,..
Kenya,GNI per capita (constant LCU),45986.86314,54273.86822,61146.61921,60931.67511,61647.93017,60264.32512,58519.00616,61933.02628,63953.40684,66229.44895,67682.40591,67559.70234,65584.1582,64413.5291,63087.5714,63364.70727,65524.50359,66839.49657,68300.84405,69740.35952,69468.79621,67896.246,65377.37365,62281.2423,62728.28589,64659.36757,66470.68334,65246.1886,65779.28285,65204.98758,64039.46175,64579.34208,63312.61526,63315.50729,64902.40188,67414.69894,69672.65753,72302.82271,70748.09472,71084.31292,74802.02765,77542.82674,78426.2499,80482.17164,82317.24946,85058.10998,87846.9799
Kenya,"Literacy rate, adult male (% of males ages 15 and above)",..,..,..,..,..,..,..,..,..,..,..,..,..,..,..,..,..,..,..,..,..,..,..,..,..,..,..,..,..,..,87.49465942,..,..,..,..,..,..,78.07914734,..,..,..,..,..,..,83.7780304,..,..
Kenya,"Literacy rate, adult female (% of females ages 15 and above)",..,..,..,..,..,..,..,..,..,..,..,..,..,..,..,..,..,..,..,..,..,..,..,..,..,..,..,..,..,..,77.89298248,..,..,..,..,..,..,66.86312103,..,..,..,..,..,..,74.00631714,..,..
Kenya,Net ODA received per capita (current US$),5.096648813,5.734498796,5.947106012,7.579498944,8.969351638,9.255092581,11.04545756,11.06530547,16.28390225,22.23988326,24.26641113,26.51512036,27.59770676,21.71671838,21.56698968,21.71162358,21.7364998,26.38437472,38.0418447,46.82096805,50.47707068,37.90220168,35.44791163,35.55276644,25.53328276,26.80749564,21.18323272,15.49520735,13.94903419,10.17143666,16.34060755,14.61597584,11.68844146,15.32044966,18.70082082,20.98768186,25.41424833,34.90424766,34.826441,44.29930072,39.44991544,58.34324366,60.79873889,73.76918239,57.81799812,52.16712865,45.16795753
Kenya,GNI (constant LCU),5.17467E+11,6.32698E+11,7.38846E+11,7.63465E+11,8.01275E+11,8.12763E+11,8.19073E+11,8.99781E+11,9.64609E+11,1.03734E+12,1.10112E+12,1.14187E+12,1.15162E+12,1.17486E+12,1.19474E+12,1.24519E+12,1.3353E+12,1.4116E+12,1.49384E+12,1.57844E+12,1.62574E+12,1.6417E+12,1.63208E+12,1.604E+12,1.66534E+12,1.7682E+12,1.871E+12,1.88915E+12,1.95824E+12,1.9953E+12,2.01407E+12,2.0873E+12,2.10287E+12,2.16101E+12,2.27645E+12,2.43018E+12,2.58151E+12,2.75372E+12,2.76968E+12,2.86023E+12,3.09308E+12,3.29455E+12,3.42304E+12,3.60776E+12,3.78859E+12,4.01783E+12,4.2572E+12
Uganda,"Foreign direct investment, net inflows (BoP, current US$)",4200000,-1200000,-11900000,5200000,1700000,2100000,2050000,800000,1970000,2000000,4000000,..,2020000,..,..,-4000000,..,..,4700000,-1760000,-5910000,1000000,3000000,54600000,88200000,121200000,121000000,175000000,210000000,140200000,160700000,151496150.7,184648059.2,202192593.6,295416479.8,379808340.7,644262499.9,792305780.9,728860900.7,841570802.7,543872727.3,894293858,1205388488,1096000000,1058564540,538484375.1,522638531.6
Uganda,Arable land (% of land area),18.91797207,19.01806716,19.26830489,19.51854262,19.76878034,20.14413693,20.37936039,20.13412742,20.41939843,20.41939843,20.41939843,20.61958861,20.91987388,23.02187078,24.02282168,24.52329713,25.02377258,25.02377258,25.02377258,25.02377258,25.02377258,25.12386767,25.22396276,25.22396276,25.32405785,25.32405785,25.32405785,25.32405785,25.42415295,25.52424804,26.52519894,27.02567439,28.02662529,29.27781392,29.77828937,29.77828937,30.52900255,31.27971573,32.28066663,33.03137981,33.66247756,34.16118093,34.41053262,34.41053262,34.41053262,34.41053262,..
Uganda,Arable land (hectares per person),0.400166673,0.390930455,0.38544789,0.380249305,0.374986377,0.371750748,0.365535103,0.350714554,0.345227112,0.335015417,0.325111518,0.318633674,0.313735333,0.334904204,0.338637,0.334548084,0.329934546,0.318564452,0.307455179,0.296804778,0.286715217,0.278263754,0.270199431,0.261472875,0.254173851,0.246225224,0.238655402,0.231410224,0.225259291,0.219138104,0.220472548,0.217261053,0.217745919,0.219719795,0.215826534,0.20845055,0.206425156,0.204311883,0.203702033,0.201392077,0.199026199,0.195192019,0.190047064,0.183736762,0.177682382,0.171877503,..
Uganda,"Central government debt, total (% of GDP)",..,..,..,..,..,..,..,..,..,..,..,..,..,..,..,..,..,..,..,..,..,..,..,..,..,..,..,..,..,..,..,..,..,..,..,..,..,..,..,..,..,..,..,..,..,..,..
Uganda,Children out of school (% of primary school age),..,..,..,..,..,..,..,..,..,62.78659821,..,59.2075119,57.41358185,..,..,..,43.17900848,..,..,..,..,..,..,..,..,..,..,..,..,..,..,..,..,..,..,..,..,..,..,9.089389801,12.2800703,9.561639786,..,9.002010345,..,..,..
Uganda,Female genital mutilation prevalence (%),..,..,..,..,..,..,..,..,..,..,..,..,..,..,..,..,..,..,..,..,..,..,..,..,..,..,..,..,..,..,..,..,..,..,..,..,0.6,..,..,..,..,1.4,..,..,..,..,..
Uganda,Fertilizer consumption (kilograms per hectare of arable land),..,..,..,..,..,..,..,..,..,..,..,..,..,..,..,..,..,..,..,..,..,..,..,..,..,..,..,..,..,..,..,..,1.332678571,1.595042735,1.471932773,0.967394958,1.25442623,1.19952,2.942015504,2.082727273,1.719407407,1.761751825,2.125192754,2.4417,1.819995652,2.381031884,..
Uganda,Firms expected to give gifts in meetings with tax officials (% of firms),..,..,..,..,..,..,..,..,..,..,..,..,..,..,..,..,..,..,..,..,..,..,..,..,..,..,..,..,..,..,..,..,..,..,..,..,14.5,..,..,..,..,..,..,14.3,..,..,..
Uganda,GDP (constant LCU),..,..,..,..,..,..,..,..,..,..,..,..,8.19815E+12,8.6691E+12,8.63922E+12,8.35357E+12,8.38616E+12,8.71841E+12,9.43917E+12,1.00397E+13,1.06897E+13,1.12834E+13,1.16691E+13,1.26407E+13,1.34502E+13,1.5E+13,1.63609E+13,1.71953E+13,1.80387E+13,1.94916E+13,2.0104E+13,2.11461E+13,2.29927E+13,2.44811E+13,2.61476E+13,2.78034E+13,3.08019E+13,3.33931E+13,3.63013E+13,3.87703E+13,4.0956E+13,4.48025E+13,4.65217E+13,4.81904E+13,5.06512E+13,5.32789E+13,5.57599E+13
Uganda,GDP per capita (constant LCU),..,..,..,..,..,..,..,..,..,..,..,..,615323.0187,631156.1299,609491.5803,570341.3069,553376.8357,555475.2545,580424.3402,595965.2616,612978.0769,625449.4501,625591.4724,655793.2023,675627.9781,729919.0364,771662.0671,786395.7353,799881.0547,837519.2056,836297.6218,850782.6254,894031.0568,919484.6296,948461.4661,974056.5939,1042343.484,1091618.136,1146455.738,1183034.775,1207602.81,1276654.318,1281350.513,1283239.441,1304321.906,1327165.472,1344000.77
Uganda,GINI index (World Bank estimate),..,..,..,..,..,..,..,..,..,..,..,..,..,..,..,..,..,..,..,44.4,..,..,41.4,..,..,..,39,..,..,43,..,..,45.2,..,..,42.9,..,..,..,44.2,..,..,41,..,..,..,..
Uganda,GNI per capita (constant LCU),..,..,..,..,..,..,..,..,..,..,..,..,607583.95,617135.0421,600698.5347,560718.1796,546471.1698,551030.4538,574976.2881,588104.5529,601775.1506,614613.4416,607193.5384,646159.5751,665335.2331,722125.7346,765634.2536,784235.6673,798820.7096,835550.705,821335.6723,824248.7449,874859.1411,900781.1909,923131.6682,945804.1674,1016817.932,1070822.913,1126173.808,1163329.059,1187420.067,1255919.841,1255379.954,1255519.151,1275411.083,1305078.372,1320347.765
Uganda,"Literacy rate, adult male (% of males ages 15 and above)",..,..,..,..,..,..,..,..,..,..,..,..,..,..,..,..,..,..,..,..,..,68.1980896,..,..,..,..,..,..,..,..,..,..,78.30402374,..,..,..,81.38858795,..,..,..,82.63139343,..,79.12303925,..,..,..,..
Uganda,"Literacy rate, adult female (% of females ages 15 and above)",..,..,..,..,..,..,..,..,..,..,..,..,..,..,..,..,..,..,..,..,..,44.82669067,..,..,..,..,..,..,..,..,..,..,58.90988159,..,..,..,62.07897186,..,..,..,64.59145355,..,61.97042847,..,..,..,..
Uganda,Net ODA received per capita (current US$),3.48293215,3.267355589,4.087749965,2.159621053,1.664180048,4.787964918,1.879740926,1.457605602,3.341426145,3.88059525,9.032203571,10.49170976,9.85864497,9.95320733,11.43393721,12.2540184,12.64045231,19.04696857,24.07927474,30.65993355,38.02417204,36.76629137,38.8652932,31.64599976,37.7729468,40.58142048,31.83078219,37.20125157,29.18172035,26.11094962,35.60548459,33.35118093,28.50060782,37.69828303,44.33476023,41.87683971,53.77984426,56.8199519,51.90106739,54.50859647,49.83439104,44.82064674,45.23946426,45.19098851,42.06900782,40.55810867,42.35276423
Uganda,GNI (constant LCU),..,..,..,..,..,..,..,..,..,..,..,..,8.09504E+12,8.47652E+12,8.51458E+12,8.21263E+12,8.28151E+12,8.64865E+12,9.35057E+12,9.90726E+12,1.04943E+13,1.10879E+13,1.13259E+13,1.2455E+13,1.32453E+13,1.48399E+13,1.62331E+13,1.7148E+13,1.80148E+13,1.94458E+13,1.97443E+13,2.04866E+13,2.24997E+13,2.39831E+13,2.54493E+13,2.6997E+13,3.00476E+13,3.2757E+13,3.56591E+13,3.81245E+13,4.02715E+13,4.40748E+13,4.55788E+13,4.71494E+13,4.95285E+13,5.23922E+13,5.47785E+13
Zambia,"Foreign direct investment, net inflows (BoP, current US$)",9520000,8420000,29000000,32000000,38000000,38000000,31000000,42960000,38600000,35200000,61700000,-38400000,39000000,25700000,17200000,51500000,28300000,74500000,93300000,163700000,202700000,34300000,45000000,314400000,40000000,97000000,117100000,207400000,198000000,162000000,121700000,145000000,298390000,347000000,364040000,356940000,615790000,1323900000,938620000,694800000,1729300000,1108500000,1731500000,2099800000,1507800000,1582666667,662813935.4
Zambia,Arable land (% of land area),3.716757019,3.890286391,4.116278131,3.917190169,3.954855459,3.934677625,4.100135864,3.875489312,3.661604272,3.102005677,3.136980589,3.054924064,2.976903106,3.127564266,3.115457566,3.239214948,3.319926284,3.454445177,3.619903415,4.073232085,3.888941202,3.705995507,3.738280041,3.73962523,3.833788456,3.56340548,3.867418179,3.77729052,3.625284171,3.894321958,3.788052032,3.661604272,3.473277822,3.86607299,3.849930723,3.668330217,4.053054251,3.96696216,4.10551662,4.775420708,4.573642368,4.842680154,5.111717941,4.977199048,5.111717941,5.111717941,..
Zambia,Arable land (hectares per person),0.661966378,0.669793605,0.684579839,0.629022928,0.613170144,0.589143921,0.593108038,0.54178261,0.494779099,0.405147873,0.395977063,0.372649037,0.350951812,0.356510776,0.343683153,0.346215184,0.344180505,0.347699591,0.354075593,0.38751912,0.36014811,0.334355535,0.32878722,0.320676679,0.32036478,0.289917662,0.306036509,0.290485423,0.270848174,0.28272274,0.267395395,0.251475292,0.232185705,0.251620034,0.243953458,0.22626657,0.243308688,0.231730789,0.233288441,0.263814654,0.24548678,0.252370247,0.258504509,0.244172687,0.24326268,0.23601624,..
Zambia,"Central government debt, total (% of GDP)",..,..,..,..,..,..,..,..,..,..,..,..,..,..,..,..,..,..,..,..,244.3805364,277.530308,164.7007536,161.7860769,149.2098899,155.2792246,175.9344907,150.0725489,161.2321579,..,..,..,..,..,..,..,..,..,..,..,..,18.04943328,23.48860204,24.22403944,44.39602664,49.40729988,..
Zambia,Children out of school (% of primary school age),..,..,21.63293076,..,..,..,19.56296921,19.69684982,20.88002014,21.40537071,21.4018898,21.37945938,21.51070023,19.92840958,18.81364059,..,17.49513054,..,19.56727982,..,..,..,..,..,26.59231949,28.48888016,..,..,31.65346909,33.14712143,33.35977936,33.74459839,30.94964981,..,18.75964928,10.80053997,12.73503971,10.40423012,9.937580109,12.88294983,15.42481995,11.59142017,9.874690056,12.09259033,..,..,..
Zambia,Female genital mutilation prevalence (%),..,..,..,..,..,..,..,..,..,..,..,..,..,..,..,..,..,..,..,..,..,..,..,..,..,..,..,..,..,..,..,..,..,..,..,..,..,..,..,..,..,..,..,..,..,..,..
Zambia,Fertilizer consumption (kilograms per hectare of arable land),..,..,..,..,..,..,..,..,..,..,..,..,..,..,..,..,..,..,..,..,..,..,..,..,..,..,..,..,..,..,..,..,26.07474826,26.17292971,29.90461216,27.98386505,25.67706605,32.33435063,38.65661861,25.77774648,29.17352941,46.14722222,37.62609474,48.97213784,50.46685789,55.91819737,..
Zambia,Firms expected to give gifts in meetings with tax officials (% of firms),..,..,..,..,..,..,..,..,..,..,..,..,..,..,..,..,..,..,..,..,..,..,..,..,..,..,..,..,..,..,..,..,..,..,..,..,..,4.9,..,..,..,..,..,9,..,..,..
Zambia,GDP (constant LCU),31691471800,31664204600,34580118500,34247440900,36448920700,35621774800,37837796600,36110790200,36310758700,35212746400,36281672400,38519510500,37436040400,36699789800,36576172100,37166990800,37436040400,38437702200,40851877800,40433758100,40239242600,40224702800,39528444500,42215301200,38574044900,39691793000,42160045600,43768032900,43599199400,45626644900,47404862600,49925316700,52174958600,55798495900,59722466600,64043744800,69105566700,74877565100,80698469000,88139149000,97215900000,1.02626E+11,1.10423E+11,1.16009E+11,1.21457E+11,1.25003E+11,1.29516E+11
Zambia,GDP per capita (constant LCU),7592.721245,7333.499917,7736.226131,7397.81097,7601.833316,7174.821217,7362.82851,6790.766452,6600.222069,6186.630226,6160.681855,6320.67746,5936.848719,5627.471202,5427.726312,5343.761024,5220.72742,5204.350984,5375.196156,5174.654675,5012.828498,4881.797466,4676.663324,4869.590853,4336.058034,4344.036173,4487.830668,4527.769072,4381.730441,4455.851492,4501.364334,4612.411322,4691.820112,4885.184211,5090.671636,5313.882827,5580.479513,5883.837661,6168.420725,6549.971586,7019.181832,7194.346682,7511.780493,7655.764026,7775.251402,7763.903266,7806.199481
Zambia,GINI index (World Bank estimate),..,..,..,..,..,..,..,..,..,..,..,..,..,..,..,..,..,..,..,..,..,60.5,..,52.6,..,..,48.3,..,49.1,..,..,..,42.1,..,54.3,..,54.6,..,..,..,55.6,..,..,..,..,57.1,..
Zambia,GNI per capita (constant LCU),..,..,..,..,..,..,..,..,..,..,..,..,..,..,..,..,..,..,..,..,..,..,..,..,..,..,..,..,..,..,..,..,..,..,..,..,..,..,..,..,6547.088718,..,..,..,..,..,..
Zambia,"Literacy rate, adult male (% of males ages 15 and above)",..,..,..,..,..,..,..,..,..,..,..,..,..,..,..,..,..,..,..,..,73.03733826,..,..,..,..,..,..,..,..,76.25402069,..,..,80.91285706,..,..,..,..,71.9474411,..,..,88.68402863,..,..,..,..,..,..
Zambia,"Literacy rate, adult female (% of females ages 15 and above)",..,..,..,..,..,..,..,..,..,..,..,..,..,..,..,..,..,..,..,..,57.35771942,..,..,..,..,..,..,..,..,59.80284882,..,..,61.83927917,..,..,..,..,51.78696823,..,..,77.74664307,..,..,..,..,..,..
Zambia,Net ODA received per capita (current US$),3.172071967,4.953971376,4.814430764,9.701036981,11.90884871,17.36212169,11.98864377,20.30791531,33.44394064,48.61598781,53.86272908,37.8720378,50.03243886,32.96612979,34.98118721,45.90658056,62.93845361,57.18764648,62.47046081,46.93230241,59.14974899,106.5532228,121.9529653,100.0003691,80.38682979,222.2450353,64.72645552,63.07195783,34.98916205,60.86205142,75.45658761,52.73775016,72.90469262,67.45325506,96.18772858,96.99924229,118.7286641,80.34669881,85.20531638,94.43970115,66.37673715,72.44918876,65.11184368,75.57804584,63.8711773,49.50999613,58.01683885
Zambia,GNI (constant LCU),..,..,..,..,..,..,..,..,..,..,..,..,..,..,..,..,..,..,..,..,..,..,..,..,..,..,..,..,..,..,..,..,..,..,..,..,..,..,..,..,90677394800,..,..,..,..,..,..
Zimbabwe,"Foreign direct investment, net inflows (BoP, current US$)",18670000,21840000,23490000,30490000,33350000,28870000,29090000,-3815193.517,2519175.293,146951.3925,1549689.61,3546064.699,-841285.0402,-2074321.691,-2488197.113,2848609.099,7445128.094,-30506683.75,-18033621.86,-10180763.08,-12205847.82,2790485.896,14949899.55,27955135.35,34648879.65,117700000,80900000,135100000,444300000,59000000,23200000,3800000,25900000,3800000,8700000,102800000,40000000,68900000,51600000,105000000,122586666.7,344300000,349850000,373050000,472800000,399200000,343013813.4
Zimbabwe,Arable land (% of land area),6.035931239,6.165180302,6.24272974,6.24272974,6.371978803,6.371978803,6.371978803,6.371978803,6.371978803,6.371978803,6.475378054,6.578777304,6.682176554,6.785575805,6.888975055,6.992374305,7.095773556,7.212097712,7.315496963,7.418896213,7.522295463,7.625694714,7.729093964,7.832493214,8.013441903,8.039291715,8.78893628,9.047434406,8.78893628,9.176683469,9.305932532,9.305932532,9.435181595,9.435181595,9.822928784,10.08142691,10.59842316,10.33992504,10.98617035,10.59842316,10.33992504,10.85692129,10.33992504,10.33992504,10.33992504,10.33992504,..
Zimbabwe,Arable land (hectares per person),0.451153853,0.44569484,0.436245478,0.421683507,0.416318819,0.403082724,0.390755037,0.379120358,0.367735801,0.356121755,0.349656597,0.34244087,0.334777951,0.326998287,0.319460286,0.31239689,0.305808524,0.300216834,0.294659622,0.289824631,0.285767231,0.282484713,0.279887386,0.277834934,0.278853513,0.274726585,0.295183423,0.298889914,0.285875914,0.294250828,0.294544761,0.291116931,0.291987737,0.288905316,0.297397513,0.30139029,0.312398399,0.300077067,0.31345722,0.296873438,0.283963509,0.291937337,0.271908593,0.265701179,0.259543495,0.253526378,..
Zimbabwe,"Central government debt, total (% of GDP)",..,..,..,..,..,..,..,..,..,..,..,..,..,..,..,..,..,..,..,..,..,..,..,..,..,..,..,..,..,..,..,..,..,..,..,..,..,..,..,..,..,..,..,..,..,..,..
Zimbabwe,Children out of school (% of primary school age),..,..,..,..,..,..,..,..,..,..,..,..,2.372989893,..,1.111140013,..,1.656839967,..,..,..,..,..,..,..,..,..,..,..,15.90268993,13.71905994,12.97204971,10.95495033,14.49365997,15.86254978,..,..,..,..,..,..,..,..,11.9365797,14.77081013,..,..,..
Zimbabwe,Female genital mutilation prevalence (%),..,..,..,..,..,..,..,..,..,..,..,..,..,..,..,..,..,..,..,..,..,..,..,..,..,..,..,..,..,..,..,..,..,..,..,..,..,..,..,..,..,..,..,..,..,..,..
Zimbabwe,Fertilizer consumption (kilograms per hectare of arable land),..,..,..,..,..,..,..,..,..,..,..,..,..,..,..,..,..,..,..,..,..,..,..,..,..,..,..,..,..,..,..,..,35.70136986,40.00876712,22.72421053,21.79948718,32.35634146,27.03525,21.99411765,28.77804878,34.083,26.54833333,18.25,18.975,25.45,22.9,..
Zimbabwe,Firms expected to give gifts in meetings with tax officials (% of firms),..,..,..,..,..,..,..,..,..,..,..,..,..,..,..,..,..,..,..,..,..,..,..,..,..,..,..,..,..,..,..,..,..,..,..,..,..,..,..,..,..,12.5,..,..,..,..,12.6
Zimbabwe,GDP (constant LCU),5915112700,6442598000,6979251900,7161041500,7635471500,7488013500,7522820700,7006702300,6817036300,7041796400,8057271600,9066479100,9305317100,9452834800,9272535200,9916456000,10124605300,10241112900,11014560100,11587291500,12397075500,13082854700,11903360800,12028519700,13139377400,13160141000,14523623300,14912942700,15343212700,15217732700,14752193400,14964568200,13633616000,11316572800,10659358500,10050593600,9702692800,9348221700,7696489400,8621573608,9706256123,11205458500,12861579906,13572797862,13861502725,14095705872,14182495050
Zimbabwe,GDP per capita (constant LCU),1142.880464,1203.955004,1260.731711,1250.390516,1289.570175,1224.457964,1192.527416,1077.640358,1016.985112,1017.337481,1124.661943,1219.934378,1205.112182,1177.546965,1111.522231,1145.238454,1127.938288,1101.990857,1146.836084,1170.133269,1217.415097,1252.781847,1114.247672,1102.951478,1181.923078,1162.521093,1260.921422,1273.522333,1290.074985,1261.360689,1206.9948,1210.12199,1090.643473,895.7309688,834.2280824,776.7054672,739.2940726,701.296738,567.6518049,624.2722425,689.0556362,778.8789801,874.2935241,901.5771001,899.4157173,893.4083124,878.1533844
Zimbabwe,GINI index (World Bank estimate),..,..,..,..,..,..,..,..,..,..,..,..,..,..,..,..,..,..,..,..,..,..,..,..,..,..,..,..,..,..,..,..,..,..,..,..,..,..,..,..,..,43.2,..,..,..,..,..
Zimbabwe,GNI per capita (constant LCU),..,..,..,..,..,..,..,..,..,..,..,..,..,..,..,..,..,..,..,..,..,..,..,..,..,..,..,..,..,..,..,..,..,..,..,742.9085684,700.95659,657.395879,518.3487015,532.6646808,591.7839206,649.7997578,738.3751673,791.8096998,794.2682172,783.6533423,783.3200443
Zimbabwe,"Literacy rate, adult male (% of males ages 15 and above)",..,..,..,..,..,..,..,..,..,..,..,..,84.17462921,..,..,..,..,..,..,..,..,..,88.89337921,..,..,..,..,..,..,..,..,..,..,..,..,..,..,..,..,..,..,87.76480865,..,..,89.1853714,..,..
Zimbabwe,"Literacy rate, adult female (% of females ages 15 and above)",..,..,..,..,..,..,..,..,..,..,..,..,71.85392761,..,..,..,..,..,..,..,..,..,78.51702118,..,..,..,..,..,..,..,..,..,..,..,..,..,..,..,..,..,..,80.06565857,..,..,88.28382874,..,..
Zimbabwe,Net ODA received per capita (current US$),0.113996048,0.121468195,0.149931158,0.148418626,0.266849385,0.658995286,0.993928634,1.028931113,1.375466159,1.804446538,22.4226889,23.5026117,27.63439813,25.84220744,35.57816618,27.17448735,24.83677679,31.33230743,28.12906133,26.34778552,32.82493281,37.21903664,73.96702833,45.78407953,50.49767256,43.41740085,32.27570271,28.74808593,21.97376803,20.2767831,14.37051162,12.95551208,15.92973095,14.79511824,14.65856691,28.8206397,21.20042209,35.81869914,45.19315566,53.33222694,50.58312971,50.2257336,68.08523192,54.96958851,49.35024908,49.96307705,40.5359335
Zimbabwe,GNI (constant LCU),..,..,..,..,..,..,..,..,..,..,..,..,..,..,..,..,..,..,..,..,..,..,..,..,..,..,..,..,..,..,..,..,..,..,..,9613260648,9199541443,8763027245,7028014800,7356418308,8336055901,9348441036,10862108610,11920303877,12241003626,12364052209,12650902278
Madagascar,"Foreign direct investment, net inflows (BoP, current US$)",10000000,1080000,12000000,11000000,13709798.87,4572770.629,1381044.467,-2767842.152,-3678181.295,-6581395.805,-790000,-800000,-90000,3710000,8570000,-180000,14040000,3470000,2910000,12816215.16,22387360.46,13681239.65,21132352.15,15357022.02,5728097.918,9710167.974,10161891.8,14005421.13,16635429.8,58385285.91,82952580.71,93059224,14661798.07,12874087,52910748,85428623.9,294681941.5,789389724.1,1134497642,1293330142,809707320.3,815534454.5,814789934.7,565176604.1,350686512,517269814.5,540842779.8
Madagascar,Arable land (% of land area),3.542318671,3.559514393,3.593905836,3.611101558,3.65237129,3.948137703,3.936100698,4.200914812,4.298930426,4.33332187,4.367713313,4.402104756,4.419300478,4.470887643,4.505279087,4.556866252,4.591257695,4.608453417,4.64284486,4.660040582,4.677236304,4.728823469,4.780410634,4.986759294,4.986759294,4.986759294,4.986759294,4.986759294,4.986759294,4.986759294,4.986759294,5.072737903,5.072737903,5.072737903,5.072737903,5.158716511,5.158716511,5.158716511,5.502630945,6.018502597,6.018502597,6.015864695,6.015864695,6.015812994,6.015812994,6.015812994,..
Madagascar,Arable land (hectares per person),0.313245812,0.306310439,0.300865745,0.294009473,0.289145605,0.303863433,0.294463886,0.3054451,0.303758661,0.297532183,0.291399593,0.285352977,0.278315367,0.273560935,0.267869777,0.263327999,0.257918185,0.251696273,0.246521423,0.240490039,0.234510394,0.230263893,0.225991713,0.228788541,0.221940876,0.21520697,0.208592756,0.202120819,0.195829626,0.189759268,0.183930721,0.181416416,0.175960597,0.170726079,0.165702438,0.163606105,0.15889605,0.154372421,0.160028253,0.170157976,0.165471803,0.160964322,0.156623568,0.152431416,0.148369204,0.144424663,..
Madagascar,"Central government debt, total (% of GDP)",..,..,..,..,..,..,..,..,..,..,..,..,..,..,..,..,..,..,..,..,109.40921,139.9330754,131.5496485,125.6212385,183.651595,119.8095621,..,..,..,..,111.8794614,96.768162,..,..,..,..,..,..,..,..,..,..,..,..,..,..,..
Madagascar,Children out of school (% of primary school age),..,..,32.87572861,..,..,..,..,..,..,..,..,..,..,..,..,..,..,..,..,34.29365921,35.74510956,..,..,..,..,45.28905106,43.08023834,..,..,35.07756042,33.60887146,32.34492874,31.58210945,21.91186905,..,..,..,..,..,..,..,..,..,..,..,..,..
Madagascar,Female genital mutilation prevalence (%),..,..,..,..,..,..,..,..,..,..,..,..,..,..,..,..,..,..,..,..,..,..,..,..,..,..,..,..,..,..,..,..,..,..,..,..,..,..,..,..,..,..,..,..,..,..,..
Madagascar,Fertilizer consumption (kilograms per hectare of arable land),..,..,..,..,..,..,..,..,..,..,..,..,..,..,..,..,..,..,..,..,..,..,..,..,..,..,..,..,..,..,..,..,2.094237288,2.148135593,2.203050847,5.450666667,2.466333333,3.191666667,4.1428125,2.266571429,2.416285714,3.159428571,2.935825714,2.867405714,5.576308571,3.445902857,..
Madagascar,Firms expected to give gifts in meetings with tax officials (% of firms),..,..,..,..,..,..,..,..,..,..,..,..,..,..,..,..,..,..,..,..,..,..,..,..,..,..,..,..,..,..,..,..,..,..,..,..,..,..,..,6.8,..,..,..,31.7,..,..,..
Madagascar,GDP (constant LCU),3.37518E+11,3.5078E+11,3.46316E+11,3.37248E+11,3.44016E+11,3.48346E+11,3.37656E+11,3.45638E+11,3.36438E+11,3.69592E+11,3.7257E+11,3.36436E+11,3.30345E+11,3.33326E+11,3.39008E+11,3.42926E+11,3.49644E+11,3.53764E+11,3.65804E+11,3.80724E+11,3.92641E+11,3.67867E+11,3.72231E+11,3.80035E+11,3.79763E+11,3.86265E+11,3.94566E+11,4.09139E+11,4.25227E+11,4.45039E+11,4.66223E+11,4.9428E+11,4.31636E+11,4.73871E+11,4.98783E+11,5.21741E+11,5.47946E+11,5.82141E+11,6.23639E+11,5.98607E+11,6.00182E+11,6.08911E+11,6.27346E+11,6.41494E+11,6.62765E+11,6.83421E+11,7.11987E+11
Madagascar,GDP per capita (constant LCU),51323.29081,51907.02858,49853.85877,47216.18641,46831.75382,46101.72837,43437.04025,43214.6424,40878.3327,43637.14882,42742.86002,37501.13161,35774.403,35071.09264,34660.26843,34076.24896,33775.154,33224.2422,33399.41692,33786.12997,33852.36241,30802.38433,30259.37729,29981.93422,29063.74483,28664.45657,28380.52075,28515.67724,28714.5309,29120.80588,29569.93884,30396.78169,25746.07741,27424.46034,28016.77373,28453.33768,29022.15159,29955.50524,31187.45615,29102.21589,28375.19928,28003.69887,28073.46924,27938.22914,28095.39409,28200.79632,28600.13395
Madagascar,GINI index (World Bank estimate),..,..,..,..,..,..,..,..,..,..,46.8,..,..,..,..,..,..,..,..,..,..,..,..,45.3,..,..,..,39.5,..,38.6,..,47.4,..,..,..,39.9,..,..,..,..,42.4,..,42.6,..,..,..,..
Madagascar,GNI per capita (constant LCU),51169.19669,51590.65684,49766.70207,47062.61649,46467.32577,45837.03642,43187.13809,43190.82051,40865.05878,43483.01043,42551.00741,36927.36011,35090.28917,34185.92973,33103.72084,32761.96795,32324.89295,31353.42907,31219.46239,31483.92153,32587.53084,29014.67582,29018.57803,28880.3082,27736.98861,27337.06059,27323.99787,27825.70451,28172.38182,28810.19355,29057.78558,29999.85768,25327.72622,27015.27891,27520.82574,28037.43213,28633.77497,29752.26974,31040.37546,28827.22463,28089.15431,27580.91033,27209.23799,27092.16513,27342.16954,27112.60023,27432.4992
Madagascar,"Literacy rate, adult male (% of males ages 15 and above)",..,..,..,..,..,..,..,..,..,..,..,..,..,..,..,..,..,..,..,..,..,..,..,..,..,..,..,..,..,..,76.53832245,..,..,..,..,..,..,..,..,67.41731262,..,..,75.02886963,..,..,..,..
Madagascar,"Literacy rate, adult female (% of females ages 15 and above)",..,..,..,..,..,..,..,..,..,..,..,..,..,..,..,..,..,..,..,..,..,..,..,..,..,..,..,..,..,..,65.27857208,..,..,..,..,..,..,..,..,61.64141083,..,..,68.28330231,..,..,..,..
Madagascar,Net ODA received per capita (current US$),7.291328489,6.937117574,7.874333129,7.350236825,8.542319536,10.88005785,7.892249631,7.574238288,10.99241843,16.1859869,26.33495144,25.96935019,26.00353536,19.06298856,15.3575264,18.34750253,29.9281693,31.0478623,27.02422621,30.81378457,34.22472286,38.10741836,29.39111654,28.4975851,22.05173932,22.21900649,25.51233258,58.38294702,32.72853267,23.71271075,20.57994498,23.03250515,22.30464601,31.56175414,70.3544465,49.96257783,41.54655008,46.1486062,42.36747998,21.12438349,22.56609889,20.57032051,16.48977675,21.74455927,24.93111324,27.93461838,24.97735348
Madagascar,GNI (constant LCU),3.36504E+11,3.48642E+11,3.4571E+11,3.36151E+11,3.41339E+11,3.46346E+11,3.35713E+11,3.45447E+11,3.36328E+11,3.68287E+11,3.70898E+11,3.31288E+11,3.24028E+11,3.24913E+11,3.23783E+11,3.297E+11,3.34631E+11,3.33844E+11,3.41928E+11,3.54782E+11,3.77971E+11,3.46517E+11,3.56967E+11,3.66071E+11,3.62427E+11,3.68378E+11,3.79877E+11,3.99239E+11,4.17199E+11,4.40292E+11,4.58148E+11,4.87826E+11,4.24622E+11,4.66801E+11,4.89953E+11,5.14115E+11,5.40613E+11,5.78191E+11,6.20698E+11,5.92951E+11,5.94132E+11,5.99718E+11,6.08033E+11,6.22067E+11,6.44996E+11,6.57049E+11,6.8292E+11
Ethiopia,"Foreign direct investment, net inflows (BoP, current US$)",..,..,..,..,..,..,..,5845410.631,..,..,..,..,..,..,..,..,..,..,..,..,..,..,170000,3500000,17210000,14140000,21930000,288490000,260670000,69980000,134640000,349400000,255000000,465000000,545100000,265111675.5,545257102.2,222000573,108537544,221459581.4,288271568.3,626509560.4,278562822.2,1343876024,1855050376,2626520130,3988953392
Ethiopia,Arable land (% of land area),11.38056312,11.59854678,11.80744777,11.80744777,11.80744777,11.80744777,11.80744777,11.83469573,11.86194369,11.90281562,11.80744777,11.62579473,11.44414169,11.26248865,10.89918256,10.76294278,10.53587648,10.26339691,10.08174387,9.900090827,9.763851045,9.673024523,9.673024523,10,9.932,9.94,9.927,9.9,9.95,10,10,9.9084,9.853,10.928,12.364,12.823,13.396,14.038,13.606,13.948,14.565,15.1932,15.346,15.119,15.119,15.119,..
Ethiopia,Arable land (hectares per person),0.440963084,0.436652748,0.431426715,0.419015369,0.408141378,0.399179275,0.392193645,0.387539375,0.383347389,0.378864249,0.368638525,0.354371482,0.33928566,0.32387917,0.303652937,0.290438735,0.275398836,0.259810233,0.24703962,0.234615907,0.223555393,0.213764924,0.206204458,0.186800819,0.179177319,0.173443043,0.167812952,0.162357763,0.158454248,0.154702841,0.150291571,0.144664528,0.139764432,0.150637236,0.165683063,0.167124821,0.169890716,0.173307767,0.163563355,0.163294449,0.166072481,0.168725678,0.166002873,0.15933568,0.155278843,0.151382205,..
Ethiopia,"Central government debt, total (% of GDP)",..,..,..,..,..,..,..,..,..,..,..,..,..,..,..,..,..,..,..,..,48.35295692,50.88587876,44.38117357,73.28743449,92.50415494,82.62967636,72.15000936,69.42168706,77.96167911,85.55469792,..,..,..,..,..,..,..,..,..,..,..,..,..,10.73328378,..,..,..
Ethiopia,Children out of school (% of primary school age),..,..,..,..,..,..,..,..,..,..,..,..,..,..,..,..,..,70.65046692,70.09474182,71.36549377,..,..,..,..,80.89460754,78.15466309,73.9337616,..,66.49954987,64.00772095,59.93157959,55.66910934,53.43516922,52.64749146,49.77120972,38.84280014,34.1634903,28.99496078,23.36536026,23.79977036,25.7117691,21.74994087,20.5098896,..,13.68305016,13.98097038,..
Ethiopia,Female genital mutilation prevalence (%),..,..,..,..,..,..,..,..,..,..,..,..,..,..,..,..,..,..,..,..,..,..,..,..,..,..,..,..,..,..,79.9,..,..,..,..,74.3,..,..,..,..,..,..,..,..,..,..,65.2
Ethiopia,Fertilizer consumption (kilograms per hectare of arable land),..,..,..,..,..,..,..,..,..,..,..,..,..,..,..,..,..,..,..,..,..,..,..,..,..,..,..,..,..,..,..,..,17.01248351,5.702324305,10.30928502,10.90251891,11.13100926,16.03989172,17.20020579,17.66231718,21.84709921,20.81905063,30.58634889,18.68426549,26.15962035,18.46694557,..
Ethiopia,Firms expected to give gifts in meetings with tax officials (% of firms),..,..,..,..,..,..,..,..,..,..,..,..,..,..,..,..,..,..,..,..,..,..,..,..,..,..,..,..,..,..,..,..,..,..,..,..,4.3,..,..,..,..,3.8,..,..,..,17.4,..
Ethiopia,GDP (constant LCU),..,..,..,..,..,..,..,..,..,..,..,1.2734E+11,1.28507E+11,1.39089E+11,1.35128E+11,1.20069E+11,1.31669E+11,1.49918E+11,1.50673E+11,1.50129E+11,1.54222E+11,1.43214E+11,1.30794E+11,1.47984E+11,1.52705E+11,1.62062E+11,1.822E+11,1.8791E+11,1.81412E+11,1.90777E+11,2.02363E+11,2.19162E+11,2.22481E+11,2.17673E+11,2.47216E+11,2.76434E+11,3.06385E+11,3.41485E+11,3.78327E+11,4.11629E+11,4.63291E+11,5.15079E+11,5.59622E+11,6.18842E+11,6.8232E+11,7.5323E+11,8.10187E+11
Ethiopia,GDP per capita (constant LCU),..,..,..,..,..,..,..,..,..,..,..,3525.444517,3460.350862,3632.906771,3419.32838,2942.834169,3125.995452,3446.915729,3353.346488,3231.431258,3207.177093,2874.574417,2532.426364,2764.357526,2754.85803,2827.817523,3080.035809,3081.680741,2888.991429,2951.366715,3041.341947,3199.800084,3155.887765,3000.512427,3312.809598,3602.826633,3885.638697,4215.846599,4548.019541,4819.093469,5282.513643,5720.123232,6053.615759,6521.836565,7007.728591,7541.87341,7911.737931
Ethiopia,GINI index (World Bank estimate),..,..,..,..,..,..,..,..,..,..,..,..,..,..,..,..,..,..,..,..,..,..,..,..,..,44.6,..,..,..,30,..,..,..,..,29.8,..,..,..,..,..,33.2,..,..,..,..,39.1,..
Ethiopia,GNI per capita (constant LCU),..,..,..,..,..,..,..,..,..,..,..,..,..,..,..,..,..,..,..,..,..,..,..,..,..,..,..,..,..,..,..,..,..,..,..,..,..,..,..,..,..,5707.683029,6039.73134,6506.662458,6987.269954,7508.702449,7881.793727
Ethiopia,"Literacy rate, adult male (% of males ages 15 and above)",..,..,..,..,..,..,..,..,..,..,..,..,..,..,..,..,..,..,..,..,..,..,..,..,35.98254013,..,..,..,..,..,..,..,..,..,50,41.9366188,..,49.13465881,..,..,..,..,..,..,..,..,..
Ethiopia,"Literacy rate, adult female (% of females ages 15 and above)",..,..,..,..,..,..,..,..,..,..,..,..,..,..,..,..,..,..,..,..,..,..,..,..,18.51498032,..,..,..,..,..,..,..,..,..,22.79999924,17.97719955,..,28.9216404,..,..,..,..,..,..,..,..,..
Ethiopia,Net ODA received per capita (current US$),1.396441755,1.606417079,1.570393242,2.136333741,3.670132854,4.051669643,4.216081683,3.423016627,4.089430191,5.509648882,5.986122518,6.778738863,5.367445293,8.832237198,9.094658515,17.60794021,14.98335855,14.33048869,21.48666039,15.66523952,20.98821216,21.91582226,22.5084267,20.1972781,19.18741571,15.30242255,13.80268713,9.493993173,10.51435507,9.951879062,10.33705425,16.11277024,18.79138675,22.3469127,24.52682872,25.14262141,25.80256464,32.17946714,39.86601317,44.76618753,39.39629204,38.82305321,35.08376509,40.94881652,36.80886048,32.37820964,39.77942251
Ethiopia,GNI (constant LCU),..,..,..,..,..,..,..,..,..,..,..,..,..,..,..,..,..,..,..,..,..,..,..,..,..,..,..,..,..,..,..,..,..,..,..,..,..,..,..,..,..,5.13958E+11,5.58338E+11,6.17402E+11,6.80328E+11,7.49917E+11,8.07121E+11
Djibouti,"Foreign direct investment, net inflows (BoP, current US$)",..,..,..,..,..,..,..,..,..,..,..,..,..,..,..,..,..,..,..,..,..,2290106.403,2290106.403,1423579.656,1423579.656,3218527.917,3263542.294,3100365.179,3173513.541,3212901.12,3286049.482,3392958.626,3432346.206,14224542.96,38543559.85,22203341.19,108287709.4,195351140.3,227654582.2,96859684.56,36501032.52,79000230.7,109998255.7,286004467.7,152998382.3,123998424.5,159998874.6
Djibouti,Arable land (% of land area),0.043140638,0.043140638,0.043140638,0.043140638,0.043140638,0.043140638,0.043140638,0.043140638,0.043140638,0.043140638,0.043140638,0.043140638,0.043140638,0.043140638,0.043140638,0.043140638,0.043140638,0.043140638,0.043140638,0.043140638,0.043140638,0.043140638,0.043140638,0.043140638,0.043140638,0.043140638,0.043140638,0.043140638,0.043140638,0.043140638,0.043140638,0.043140638,0.043140638,0.043140638,0.043140638,0.043140638,0.05608283,0.064710958,0.051768766,0.05608283,0.069025022,0.086281277,0.086281277,0.086281277,0.086281277,0.086281277,..
Djibouti,Arable land (hectares per person),0.006263349,0.005904164,0.00557961,0.005247471,0.004873746,0.004460642,0.004023238,0.003603876,0.003246669,0.002975438,0.002785826,0.002667115,0.002595576,0.002539347,0.002462951,0.002349552,0.002200893,0.002039443,0.001890363,0.001773477,0.001693773,0.00164787,0.001625874,0.001616828,0.001606772,0.001586325,0.001553562,0.001512967,0.001469266,0.001428369,0.001393565,0.001364795,0.001340086,0.001318192,0.001297434,0.001276725,0.001632739,0.00185322,0.001458197,0.001553463,0.001879819,0.002309637,0.002269671,0.00223043,0.002192588,0.002156534,..
Djibouti,"Central government debt, total (% of GDP)",..,..,..,..,..,..,..,..,..,..,..,..,..,..,..,..,..,..,..,..,..,..,..,..,..,..,..,..,..,..,..,..,..,..,..,..,..,..,..,..,..,..,..,..,..,..,..
Djibouti,Children out of school (% of primary school age),..,..,..,..,..,..,..,..,..,..,..,..,..,..,..,74.86109161,73.28964233,73.1062088,73.22953796,73.2661438,72.80281067,72.73809814,71.53885651,73.78929138,72.91416931,71.85733795,71.88729095,72.96263123,..,73.14060974,72.96666718,70.28645325,68.64727783,..,64.66967773,63.12189865,60.11035156,56.7195015,53.44060135,54.20690918,..,45.98804855,..,45.86841965,38.05643082,44.40726089,47.57809067
Djibouti,Female genital mutilation prevalence (%),..,..,..,..,..,..,..,..,..,..,..,..,..,..,..,..,..,..,..,..,..,..,..,..,..,..,..,..,..,..,..,..,..,..,..,..,93.1,..,..,..,..,..,..,..,..,..,..
Djibouti,Fertilizer consumption (kilograms per hectare of arable land),..,..,..,..,..,..,..,..,..,..,..,..,..,..,..,..,..,..,..,..,..,..,..,..,..,..,..,..,..,..,..,..,..,..,..,..,..,..,..,..,..,..,..,..,..,..,..
Djibouti,Firms expected to give gifts in meetings with tax officials (% of firms),..,..,..,..,..,..,..,..,..,..,..,..,..,..,..,..,..,..,..,..,..,..,..,..,..,..,..,..,..,..,..,..,..,..,..,..,..,..,..,..,..,..,..,3.4,..,..,..
Djibouti,GDP (constant LCU),..,..,..,..,..,..,..,..,..,..,..,..,..,..,..,..,..,..,..,..,80388201500,76949502400,76935676900,71841857100,71168452800,68685911300,65859143400,65367918400,65432880100,66858666600,67136941700,68511748100,70305770900,72555527000,75331846900,77719566000,81450000000,85604000000,90569000000,95127000000,98444000000,1.02842E+11,1.07822E+11,1.13213E+11,1.20006E+11,1.27807E+11,..
Djibouti,GDP per capita (constant LCU),..,..,..,..,..,..,..,..,..,..,..,..,..,..,..,..,..,..,..,..,136159.3391,126802.7737,125087.6783,116155.9222,114351.4472,108958.1516,102316.2733,98899.49573,96138.29921,95498.87459,93559.69712,93504.46233,94215.74962,95642.09382,97738.11408,99226.51656,102297.3896,105762.0317,110056.2135,113674.0596,115660.533,118763.8362,122360.2308,126256.8474,131561.8683,137810.0827,..
Djibouti,GINI index (World Bank estimate),..,..,..,..,..,..,..,..,..,..,..,..,..,..,..,..,..,..,..,..,..,..,..,..,..,..,..,..,..,..,..,..,40,..,..,..,..,..,..,..,..,..,45.1,44.1,..,..,..
Djibouti,GNI per capita (constant LCU),..,..,..,..,..,..,..,..,..,..,..,..,..,..,..,..,..,..,..,..,..,132421.5757,130317.6341,121893.6151,118221.1981,112747.2142,105576.251,101297.3372,98117.29151,97704.26211,96239.46,95546.31785,96654.32053,103483.4782,107276.2717,..,..,..,..,..,..,..,..,..,..,..,..
Djibouti,"Literacy rate, adult male (% of males ages 15 and above)",..,..,..,..,..,..,..,..,..,..,..,..,..,..,..,..,..,..,..,..,..,..,..,..,..,..,..,..,..,..,..,..,..,..,..,..,..,..,..,..,..,..,..,..,..,..,..
Djibouti,"Literacy rate, adult female (% of females ages 15 and above)",..,..,..,..,..,..,..,..,..,..,..,..,..,..,..,..,..,..,..,..,..,..,..,..,..,..,..,..,..,..,..,..,..,..,..,..,..,..,..,..,..,..,..,..,..,..,..
Djibouti,Net ODA received per capita (current US$),74.09541586,62.87934251,74.48779181,102.2207296,141.6310477,153.4460686,113.1736912,166.6072027,338.952235,68.97064731,203.4767105,172.055572,152.6717557,166.1494863,251.4426736,191.2300611,252.9486466,214.7533294,175.0475899,133.0462665,350.6278815,176.5857453,182.406748,217.3501807,206.5826218,167.4524261,150.8198148,129.5856135,118.9811523,107.3419616,100.6711409,81.06879793,99.30034132,104.4798745,83.46394171,94.69469674,144.9118823,139.201534,171.1194336,198.1621337,155.1202731,163.2913249,168.4776749,166.4458541,182.1054109,182.8309687,196.4486015
Djibouti,GNI (constant LCU),..,..,..,..,..,..,..,..,..,..,..,..,..,..,..,..,..,..,..,..,..,80359238710,80152382139,75390591470,73576854150,71074490836,67957532421,66952778924,66779806010,68402656202,69059896664,70007838097,72125483719,78504118835,82683400962,..,..,..,..,..,..,..,..,..,..,..,..
,,,,,,,,,,,,,,,,,,,,,,,,,,,,,,,,,,,,,,,,,,,,,,,,
,,,,,,,,,,,,,,,,,,,,,,,,,,,,,,,,,,,,,,,,,,,,,,,,
,,,,,,,,,,,,,,,,,,,,,,,,,,,,,,,,,,,,,,,,,,,,,,,,
Data from database: World Development Indicators,,,,,,,,,,,,,,,,,,,,,,,,,,,,,,,,,,,,,,,,,,,,,,,,
Last Updated: 04/24/2018,,,,,,,,,,,,,,,,,,,,,,,,,,,,,,,,,,,,,,,,,,,,,,,,